<?xml version="1.0" encoding="UTF-8"?>
<project-private xmlns="http://www.netbeans.org/ns/project-private/1">
    <editor-bookmarks xmlns="http://www.netbeans.org/ns/editor-bookmarks/2" lastBookmarkId="0"/>
    <open-files xmlns="http://www.netbeans.org/ns/projectui-open-files/2">
        <group>
            <file>file:/C:/Users/asgha/OneDrive/Documents/NetBeansProjects/CHAP_2_PROJECS/src/CHAP_2_PROJECT_11.java</file>
            <file>file:/C:/Users/asgha/OneDrive/Documents/NetBeansProjects/CHAP_2_PROJECS/src/CHAP_2_PROJECT_07.java</file>
            <file>file:/C:/Users/asgha/OneDrive/Documents/NetBeansProjects/CHAP_2_PROJECS/src/CHAP_2_PROJECT_14.java</file>
            <file>file:/C:/Users/asgha/OneDrive/Documents/NetBeansProjects/CHAP_2_PROJECS/src/CHAP_2_PROJECT_08.java</file>
            <file>file:/C:/Users/asgha/OneDrive/Documents/NetBeansProjects/CHAP_2_PROJECS/src/CHAP_2_PROJECT_13.java</file>
            <file>file:/C:/Users/asgha/OneDrive/Documents/NetBeansProjects/CHAP_2_PROJECS/src/CHAP_2_PROJECT_09.java</file>
            <file>file:/C:/Users/asgha/OneDrive/Documents/NetBeansProjects/CHAP_2_PROJECS/src/CHAP_2_PROJECT_12.java</file>
            <file>file:/C:/Users/asgha/OneDrive/Documents/NetBeansProjects/CHAP_2_PROJECS/src/CHAP_2_PROJECT_14_PAR_2.java</file>
            <file>file:/C:/Users/asgha/OneDrive/Documents/NetBeansProjects/CHAP_2_PROJECS/src/CHAP_2_PROJECT_10.java</file>
        </group>
    </open-files>
</project-private>
